-- Backup SQL: DatLichKhamBenh
-- Server  : DESKTOP-IL8JOMQ\BARTENDER
-- Thoi gian: 2026-06-09 14:18:09
-- Tao boi  : backup-database-sql.ps1

USE [master];
GO
IF NOT EXISTS (SELECT name FROM sys.databases WHERE name = N'DatLichKhamBenh')
    CREATE DATABASE [DatLichKhamBenh];
GO
USE [DatLichKhamBenh];
GO

-- Table: [dbo].[__EFMigrationsHistory]
IF OBJECT_ID(N'dbo.__EFMigrationsHistory', N'U') IS NOT NULL DROP TABLE [dbo].[__EFMigrationsHistory];
GO
CREATE TABLE [dbo].[__EFMigrationsHistory] (
    [MigrationId] NVARCHAR(150) NOT NULL,
    [ProductVersion] NVARCHAR(32) NOT NULL
);
GO

INSERT INTO [dbo].[__EFMigrationsHistory] ([MigrationId], [ProductVersion]) VALUES (N'20260525090745_InitialCreate', N'8.0.10');
INSERT INTO [dbo].[__EFMigrationsHistory] ([MigrationId], [ProductVersion]) VALUES (N'20260525124404_AddCauHinhEmail', N'8.0.10');
INSERT INTO [dbo].[__EFMigrationsHistory] ([MigrationId], [ProductVersion]) VALUES (N'20260526020314_UpdateVietnameseDiacritics', N'8.0.10');
GO
-- Rows: 3

-- Table: [dbo].[BacSi]
IF OBJECT_ID(N'dbo.BacSi', N'U') IS NOT NULL DROP TABLE [dbo].[BacSi];
GO
CREATE TABLE [dbo].[BacSi] (
    [MaBacSi] INT IDENTITY(1,1) NOT NULL,
    [MaNguoiDung] INT NOT NULL,
    [MaChuyenKhoa] INT NOT NULL,
    [HocVi] NVARCHAR(100) NOT NULL,
    [KinhNghiem] NVARCHAR(500),
    [MoTa] NVARCHAR(2000),
    [HinhAnh] NVARCHAR(255),
    [GiaKham] DECIMAL(18,0) NOT NULL
);
GO

SET IDENTITY_INSERT [dbo].[BacSi] ON;
INSERT INTO [dbo].[BacSi] ([MaBacSi], [MaNguoiDung], [MaChuyenKhoa], [HocVi], [KinhNghiem], [MoTa], [HinhAnh], [GiaKham]) VALUES (1, 2, 1, N'Tiến sĩ - Bác sĩ', N'15 năm kinh nghiệm tại BV Bạch Mai.', N'Chuyên về các bệnh lý tim mạch và tiêu hoá.', N'/images/bacsi/default.png', 300000);
INSERT INTO [dbo].[BacSi] ([MaBacSi], [MaNguoiDung], [MaChuyenKhoa], [HocVi], [KinhNghiem], [MoTa], [HinhAnh], [GiaKham]) VALUES (2, 3, 2, N'Thạc sĩ - Bác sĩ', N'10 năm kinh nghiệm phẫu thuật tổng quát.', N'Phẫu thuật tiêu hoá, gan mật tuỵ, thoát vị.', N'/images/bacsi/default.png', 350000);
INSERT INTO [dbo].[BacSi] ([MaBacSi], [MaNguoiDung], [MaChuyenKhoa], [HocVi], [KinhNghiem], [MoTa], [HinhAnh], [GiaKham]) VALUES (3, 4, 3, N'Bác sĩ chuyên khoa II', N'12 năm sản phụ khoa tại BV Từ Dũ.', N'Theo dõi thai kỳ, sản khoa nguy cơ cao.', N'/images/bacsi/default.png', 400000);
INSERT INTO [dbo].[BacSi] ([MaBacSi], [MaNguoiDung], [MaChuyenKhoa], [HocVi], [KinhNghiem], [MoTa], [HinhAnh], [GiaKham]) VALUES (4, 5, 4, N'Bác sĩ chuyên khoa I', N'8 năm khám nhi tại BV Nhi Trung ương.', N'Sơ sinh, nhi tổng quát, tư vấn dinh dưỡng trẻ.', N'/images/bacsi/default.png', 250000);
INSERT INTO [dbo].[BacSi] ([MaBacSi], [MaNguoiDung], [MaChuyenKhoa], [HocVi], [KinhNghiem], [MoTa], [HinhAnh], [GiaKham]) VALUES (5, 6, 5, N'Thạc sĩ - Bác sĩ', N'9 năm tại BV Mắt Trung ương.', N'Kham khuc xa, mo Phaco, glaucoma.', N'/images/bacsi/bs_20260526023301_f82cbb84f6694ed098196af692b1baad.jpg', 280000);
INSERT INTO [dbo].[BacSi] ([MaBacSi], [MaNguoiDung], [MaChuyenKhoa], [HocVi], [KinhNghiem], [MoTa], [HinhAnh], [GiaKham]) VALUES (6, 10, 5, N'Bác sĩ', NULL, NULL, N'/images/bacsi/default.png', 200000);
SET IDENTITY_INSERT [dbo].[BacSi] OFF;
GO
-- Rows: 6

-- Table: [dbo].[BenhNhan]
IF OBJECT_ID(N'dbo.BenhNhan', N'U') IS NOT NULL DROP TABLE [dbo].[BenhNhan];
GO
CREATE TABLE [dbo].[BenhNhan] (
    [MaBenhNhan] INT IDENTITY(1,1) NOT NULL,
    [MaNguoiDung] INT NOT NULL,
    [NgaySinh] DATE,
    [GioiTinh] NVARCHAR(10),
    [DiaChi] NVARCHAR(255)
);
GO

SET IDENTITY_INSERT [dbo].[BenhNhan] ON;
INSERT INTO [dbo].[BenhNhan] ([MaBenhNhan], [MaNguoiDung], [NgaySinh], [GioiTinh], [DiaChi]) VALUES (1, 7, N'1995-05-12 00:00:00.000', N'Nữ', N'123 Lê Lợi, Quận 1, TP.HCM');
INSERT INTO [dbo].[BenhNhan] ([MaBenhNhan], [MaNguoiDung], [NgaySinh], [GioiTinh], [DiaChi]) VALUES (2, 8, N'1990-08-20 00:00:00.000', N'Nam', N'456 Trần Hưng Đạo, Hai Bà Trưng, Hà Nội');
INSERT INTO [dbo].[BenhNhan] ([MaBenhNhan], [MaNguoiDung], [NgaySinh], [GioiTinh], [DiaChi]) VALUES (3, 9, N'2000-01-15 00:00:00.000', N'Nam', N'Test address');
INSERT INTO [dbo].[BenhNhan] ([MaBenhNhan], [MaNguoiDung], [NgaySinh], [GioiTinh], [DiaChi]) VALUES (4, 11, N'2026-05-13 00:00:00.000', N'Nam', N'long an');
INSERT INTO [dbo].[BenhNhan] ([MaBenhNhan], [MaNguoiDung], [NgaySinh], [GioiTinh], [DiaChi]) VALUES (5, 12, N'2026-01-20 00:00:00.000', N'Nam', NULL);
SET IDENTITY_INSERT [dbo].[BenhNhan] OFF;
GO
-- Rows: 5

-- Table: [dbo].[CauHinhEmail]
IF OBJECT_ID(N'dbo.CauHinhEmail', N'U') IS NOT NULL DROP TABLE [dbo].[CauHinhEmail];
GO
CREATE TABLE [dbo].[CauHinhEmail] (
    [MaCauHinh] INT IDENTITY(1,1) NOT NULL,
    [BatEmail] BIT NOT NULL,
    [SmtpServer] NVARCHAR(255) NOT NULL,
    [Port] INT NOT NULL,
    [SenderName] NVARCHAR(255) NOT NULL,
    [SenderEmail] NVARCHAR(255) NOT NULL,
    [SenderPassword] NVARCHAR(255) NOT NULL,
    [NgayCapNhat] DATETIME2() NOT NULL
);
GO

SET IDENTITY_INSERT [dbo].[CauHinhEmail] ON;
INSERT INTO [dbo].[CauHinhEmail] ([MaCauHinh], [BatEmail], [SmtpServer], [Port], [SenderName], [SenderEmail], [SenderPassword], [NgayCapNhat]) VALUES (1, 1, N'smtp.gmail.com', 587, N'Phong kham DatLichKhamBenh', N'hoangvinh@necs.vn', N'wmdm nzpv gfqc qfjb', N'2026-05-26 10:08:32.395');
SET IDENTITY_INSERT [dbo].[CauHinhEmail] OFF;
GO
-- Rows: 1

-- Table: [dbo].[ChuyenKhoa]
IF OBJECT_ID(N'dbo.ChuyenKhoa', N'U') IS NOT NULL DROP TABLE [dbo].[ChuyenKhoa];
GO
CREATE TABLE [dbo].[ChuyenKhoa] (
    [MaChuyenKhoa] INT IDENTITY(1,1) NOT NULL,
    [TenChuyenKhoa] NVARCHAR(100) NOT NULL,
    [MoTa] NVARCHAR(500)
);
GO

SET IDENTITY_INSERT [dbo].[ChuyenKhoa] ON;
INSERT INTO [dbo].[ChuyenKhoa] ([MaChuyenKhoa], [TenChuyenKhoa], [MoTa]) VALUES (1, N'Nội tổng quát', N'Khám và điều trị các bệnh lý nội khoa thông thường.');
INSERT INTO [dbo].[ChuyenKhoa] ([MaChuyenKhoa], [TenChuyenKhoa], [MoTa]) VALUES (2, N'Ngoại tổng quát', N'Phẫu thuật và điều trị các bệnh lý ngoại khoa.');
INSERT INTO [dbo].[ChuyenKhoa] ([MaChuyenKhoa], [TenChuyenKhoa], [MoTa]) VALUES (3, N'Sản phụ khoa', N'Khám thai, sản khoa và các bệnh lý phụ nữ.');
INSERT INTO [dbo].[ChuyenKhoa] ([MaChuyenKhoa], [TenChuyenKhoa], [MoTa]) VALUES (4, N'Nhi khoa', N'Khám và điều trị bệnh lý trẻ em dưới 15 tuổi.');
INSERT INTO [dbo].[ChuyenKhoa] ([MaChuyenKhoa], [TenChuyenKhoa], [MoTa]) VALUES (5, N'Mắt', N'Khám, đo mắt và điều trị các bệnh lý về mắt.');
INSERT INTO [dbo].[ChuyenKhoa] ([MaChuyenKhoa], [TenChuyenKhoa], [MoTa]) VALUES (6, N'Tai Mũi Họng', N'* Khám và điều trị các bệnh lý Tai – Mũi – Họng.
* Chuyên khám, chẩn đoán và điều trị bệnh Tai – Mũi – Họng.
* Dịch vụ khám và điều trị chuyên sâu các bệnh lý Tai – Mũi – Họng.
* Thăm khám và điều trị hiệu quả các vấn đề về Tai – Mũi – Họng.
* Khám chữa bệnh Tai – Mũi – Họng với đội ngũ chuyên môn tận tâm.
');
SET IDENTITY_INSERT [dbo].[ChuyenKhoa] OFF;
GO
-- Rows: 6

-- Table: [dbo].[HoSoBenhAn]
IF OBJECT_ID(N'dbo.HoSoBenhAn', N'U') IS NOT NULL DROP TABLE [dbo].[HoSoBenhAn];
GO
CREATE TABLE [dbo].[HoSoBenhAn] (
    [MaHoSo] INT IDENTITY(1,1) NOT NULL,
    [MaLichHen] INT NOT NULL,
    [ChanDoan] NVARCHAR(1000) NOT NULL,
    [DonThuoc] NVARCHAR(2000),
    [LoiKhuyen] NVARCHAR(2000),
    [NgayTao] DATETIME2() NOT NULL
);
GO

SET IDENTITY_INSERT [dbo].[HoSoBenhAn] ON;
INSERT INTO [dbo].[HoSoBenhAn] ([MaHoSo], [MaLichHen], [ChanDoan], [DonThuoc], [LoiKhuyen], [NgayTao]) VALUES (2, 15, N'Không sao', N'thuốc nhỏ mắt', N'đeo mắt kính', N'2026-05-28 14:36:31.773');
SET IDENTITY_INSERT [dbo].[HoSoBenhAn] OFF;
GO
-- Rows: 1

-- Table: [dbo].[LichHen]
IF OBJECT_ID(N'dbo.LichHen', N'U') IS NOT NULL DROP TABLE [dbo].[LichHen];
GO
CREATE TABLE [dbo].[LichHen] (
    [MaLichHen] INT IDENTITY(1,1) NOT NULL,
    [MaBenhNhan] INT NOT NULL,
    [MaBacSi] INT NOT NULL,
    [NgayKham] DATE NOT NULL,
    [GioKham] TIME NOT NULL,
    [LyDoKham] NVARCHAR(500),
    [TrangThai] NVARCHAR(20) NOT NULL,
    [NgayDat] DATETIME2() NOT NULL
);
GO

SET IDENTITY_INSERT [dbo].[LichHen] ON;
INSERT INTO [dbo].[LichHen] ([MaLichHen], [MaBenhNhan], [MaBacSi], [NgayKham], [GioKham], [LyDoKham], [TrangThai], [NgayDat]) VALUES (4, 1, 1, N'2026-05-28 00:00:00.000', N'14:30:00', N'Test email buoc 8', N'DaHuy', N'2026-05-25 19:22:31.777');
INSERT INTO [dbo].[LichHen] ([MaLichHen], [MaBenhNhan], [MaBacSi], [NgayKham], [GioKham], [LyDoKham], [TrangThai], [NgayDat]) VALUES (5, 1, 1, N'2026-05-28 00:00:00.000', N'15:00:00', N'Test tu choi', N'DaHuy', N'2026-05-25 19:22:32.938');
INSERT INTO [dbo].[LichHen] ([MaLichHen], [MaBenhNhan], [MaBacSi], [NgayKham], [GioKham], [LyDoKham], [TrangThai], [NgayDat]) VALUES (6, 1, 2, N'2026-05-28 00:00:00.000', N'09:00:00', N'Test admin huy', N'DaHuy', N'2026-05-25 19:22:33.131');
INSERT INTO [dbo].[LichHen] ([MaLichHen], [MaBenhNhan], [MaBacSi], [NgayKham], [GioKham], [LyDoKham], [TrangThai], [NgayDat]) VALUES (7, 2, 6, N'2026-05-26 00:00:00.000', N'08:00:00', N'dau mat', N'ChoXacNhan', N'2026-05-25 19:41:14.650');
INSERT INTO [dbo].[LichHen] ([MaLichHen], [MaBenhNhan], [MaBacSi], [NgayKham], [GioKham], [LyDoKham], [TrangThai], [NgayDat]) VALUES (8, 1, 1, N'2026-06-04 00:00:00.000', N'08:00:00', N'Test admin OFF email', N'ChoXacNhan', N'2026-05-25 19:48:39.612');
INSERT INTO [dbo].[LichHen] ([MaLichHen], [MaBenhNhan], [MaBacSi], [NgayKham], [GioKham], [LyDoKham], [TrangThai], [NgayDat]) VALUES (9, 4, 3, N'2026-05-26 00:00:00.000', N'10:00:00', N'benh', N'DaXacNhan', N'2026-05-25 19:52:21.864');
INSERT INTO [dbo].[LichHen] ([MaLichHen], [MaBenhNhan], [MaBacSi], [NgayKham], [GioKham], [LyDoKham], [TrangThai], [NgayDat]) VALUES (10, 4, 5, N'2026-05-27 00:00:00.000', N'15:00:00', N'khám mắt', N'DaHuy', N'2026-05-26 10:09:33.794');
INSERT INTO [dbo].[LichHen] ([MaLichHen], [MaBenhNhan], [MaBacSi], [NgayKham], [GioKham], [LyDoKham], [TrangThai], [NgayDat]) VALUES (11, 5, 2, N'2026-05-27 00:00:00.000', N'14:00:00', N'khám tổng quát', N'DaHuy', N'2026-05-26 10:10:48.064');
INSERT INTO [dbo].[LichHen] ([MaLichHen], [MaBenhNhan], [MaBacSi], [NgayKham], [GioKham], [LyDoKham], [TrangThai], [NgayDat]) VALUES (14, 5, 2, N'2026-05-27 00:00:00.000', N'15:30:00', N'khám lại', N'DaXacNhan', N'2026-05-26 10:16:22.300');
INSERT INTO [dbo].[LichHen] ([MaLichHen], [MaBenhNhan], [MaBacSi], [NgayKham], [GioKham], [LyDoKham], [TrangThai], [NgayDat]) VALUES (15, 5, 5, N'2026-05-29 00:00:00.000', N'14:30:00', NULL, N'DaKham', N'2026-05-28 14:28:37.399');
SET IDENTITY_INSERT [dbo].[LichHen] OFF;
GO
-- Rows: 10

-- Table: [dbo].[NguoiDung]
IF OBJECT_ID(N'dbo.NguoiDung', N'U') IS NOT NULL DROP TABLE [dbo].[NguoiDung];
GO
CREATE TABLE [dbo].[NguoiDung] (
    [MaNguoiDung] INT IDENTITY(1,1) NOT NULL,
    [TenDangNhap] NVARCHAR(50) NOT NULL,
    [MatKhau] NVARCHAR(100) NOT NULL,
    [HoTen] NVARCHAR(100) NOT NULL,
    [Email] NVARCHAR(100) NOT NULL,
    [SoDienThoai] NVARCHAR(20),
    [VaiTro] NVARCHAR(20) NOT NULL,
    [DaKhoa] BIT NOT NULL,
    [NgayTao] DATETIME2() NOT NULL
);
GO

SET IDENTITY_INSERT [dbo].[NguoiDung] ON;
INSERT INTO [dbo].[NguoiDung] ([MaNguoiDung], [TenDangNhap], [MatKhau], [HoTen], [Email], [SoDienThoai], [VaiTro], [DaKhoa], [NgayTao]) VALUES (1, N'admin', N'Admin@123', N'Quan tri vien', N'admin@datlichkhambenh.local', N'0900000000', N'Admin', 0, N'2026-05-25 16:14:35.459');
INSERT INTO [dbo].[NguoiDung] ([MaNguoiDung], [TenDangNhap], [MatKhau], [HoTen], [Email], [SoDienThoai], [VaiTro], [DaKhoa], [NgayTao]) VALUES (2, N'bs.an', N'Bacsi@123', N'Nguyễn Văn An', N'an.nguyen@datlichkhambenh.local', N'0911111111', N'BacSi', 0, N'2026-05-25 16:14:35.707');
INSERT INTO [dbo].[NguoiDung] ([MaNguoiDung], [TenDangNhap], [MatKhau], [HoTen], [Email], [SoDienThoai], [VaiTro], [DaKhoa], [NgayTao]) VALUES (3, N'bs.binh', N'Bacsi@123', N'Trần Thị Bình', N'binh.tran@datlichkhambenh.local', N'0922222222', N'BacSi', 0, N'2026-05-25 16:14:35.707');
INSERT INTO [dbo].[NguoiDung] ([MaNguoiDung], [TenDangNhap], [MatKhau], [HoTen], [Email], [SoDienThoai], [VaiTro], [DaKhoa], [NgayTao]) VALUES (4, N'bs.cuong', N'Bacsi@123', N'Lê Văn Cường', N'cuong.le@datlichkhambenh.local', N'0933333333', N'BacSi', 0, N'2026-05-25 16:14:35.707');
INSERT INTO [dbo].[NguoiDung] ([MaNguoiDung], [TenDangNhap], [MatKhau], [HoTen], [Email], [SoDienThoai], [VaiTro], [DaKhoa], [NgayTao]) VALUES (5, N'bs.dung', N'Bacsi@123', N'Phạm Thị Dung', N'dung.pham@datlichkhambenh.local', N'0944444444', N'BacSi', 0, N'2026-05-25 16:14:35.707');
INSERT INTO [dbo].[NguoiDung] ([MaNguoiDung], [TenDangNhap], [MatKhau], [HoTen], [Email], [SoDienThoai], [VaiTro], [DaKhoa], [NgayTao]) VALUES (6, N'bs.em', N'Bacsi@123', N'Hoàng Văn Em', N'em.hoang@datlichkhambenh.local', N'0955555555', N'BacSi', 0, N'2026-05-25 16:14:35.707');
INSERT INTO [dbo].[NguoiDung] ([MaNguoiDung], [TenDangNhap], [MatKhau], [HoTen], [Email], [SoDienThoai], [VaiTro], [DaKhoa], [NgayTao]) VALUES (7, N'bn.hoa', N'Benhnhan@123', N'Vũ Thị Hoa', N'hoa.vu@gmail.com', N'0966666666', N'BenhNhan', 0, N'2026-05-25 16:14:35.748');
INSERT INTO [dbo].[NguoiDung] ([MaNguoiDung], [TenDangNhap], [MatKhau], [HoTen], [Email], [SoDienThoai], [VaiTro], [DaKhoa], [NgayTao]) VALUES (8, N'bn.minh', N'Benhnhan@123', N'Đỗ Văn Minh', N'minh.do@gmail.com', N'0977777777', N'BenhNhan', 0, N'2026-05-25 16:14:35.748');
INSERT INTO [dbo].[NguoiDung] ([MaNguoiDung], [TenDangNhap], [MatKhau], [HoTen], [Email], [SoDienThoai], [VaiTro], [DaKhoa], [NgayTao]) VALUES (9, N'bn.testnew', N'Test@123456', N'Nguyen Test Moi', N'testnew@gmail.com', N'0988111222', N'BenhNhan', 0, N'2026-05-25 17:54:57.611');
INSERT INTO [dbo].[NguoiDung] ([MaNguoiDung], [TenDangNhap], [MatKhau], [HoTen], [Email], [SoDienThoai], [VaiTro], [DaKhoa], [NgayTao]) VALUES (10, N'bs.test', N'Bacsi@123', N'Test', N'bstest@datlichkhambenh.local', N'0988888888', N'BacSi', 0, N'2026-05-25 19:11:01.720');
INSERT INTO [dbo].[NguoiDung] ([MaNguoiDung], [TenDangNhap], [MatKhau], [HoTen], [Email], [SoDienThoai], [VaiTro], [DaKhoa], [NgayTao]) VALUES (11, N'excellent', N'@Dmin123', N'usertesst', N'kkk@gmail.com', N'09123123123', N'BenhNhan', 0, N'2026-05-25 19:52:04.140');
INSERT INTO [dbo].[NguoiDung] ([MaNguoiDung], [TenDangNhap], [MatKhau], [HoTen], [Email], [SoDienThoai], [VaiTro], [DaKhoa], [NgayTao]) VALUES (12, N'huynhvinh', N'@Dmin123', N'huynh vinh', N'huynhvinh1209@gmail.com', N'0912312322', N'BenhNhan', 0, N'2026-05-26 10:10:39.674');
SET IDENTITY_INSERT [dbo].[NguoiDung] OFF;
GO
-- Rows: 12

-- Table: [dbo].[sysdiagrams]
IF OBJECT_ID(N'dbo.sysdiagrams', N'U') IS NOT NULL DROP TABLE [dbo].[sysdiagrams];
GO
CREATE TABLE [dbo].[sysdiagrams] (
    [name] NVARCHAR(128) NOT NULL,
    [principal_id] INT NOT NULL,
    [diagram_id] INT IDENTITY(1,1) NOT NULL,
    [version] INT,
    [definition] VARBINARY
);
GO

SET IDENTITY_INSERT [dbo].[sysdiagrams] ON;
INSERT INTO [dbo].[sysdiagrams] ([name], [principal_id], [diagram_id], [version], [definition]) VALUES (N'Diagram_0', 1, 1, 1, 0xD0CF11E0A1B11AE1000000000000000000000000000000003E000300FEFF0900060000000000000000000000010000000100000000000000001000003A00000001000000FEFFFFFF0000000000000000FFFFFFFFFFFFFFFFFFFFFFFFFFFFFFFFFFFFFFFFFFFFFFFFFFFFFFFFFFFFFFFFFFFFFFFFFFFFFFFFFFFFFFFFFFFFFFFFFFFFFFFFFFFFFFFFFFFFFFFFFFFFFFFFFFFFFFFFFFFFFFFFFFFFFFFFFFFFFFFFFFFFFFFFFFFFFFFFFFFFFFFFFFFFFFFFFFFFFFFFFFFFFFFFFFFFFFFFFFFFFFFFFFFFFFFFFFFFFFFFFFFFFFFFFFFFFFFFFFFFFFFFFFFFFFFFFFFFFFFFFFFFFFFFFFFFFFFFFFFFFFFFFFFFFFFFFFFFFFFFFFFFFFFFFFFFFFFFFFFFFFFFFFFFFFFFFFFFFFFFFFFFFFFFFFFFFFFFFFFFFFFFFFFFFFFFFFFFFFFFFFFFFFFFFFFFFFFFFFFFFFFFFFFFFFFFFFFFFFFFFFFFFFFFFFFFFFFFFFFFFFFFFFFFFFFFFFFFFFFFFFFFFFFFFFFFFFFFFFFFFFFFFFFFFFFFFFFFFFFFFFFFFFFFFFFFFFFFFFFFFFFFFFFFFFFFFFFFFFFFFFFFFFFFFFFFFFFFFFFFFFFFFFFFFFFFFFFFFFFFFFFFFFFFFFFFFFFFFFFFFFFFFFFFFFFFFFFFFFFFFFFFFFFFFFFFFFFFFFFFFFFFFFFFFFFFFFFFFFFFFFFFFFFFFFFFFFFFFFFFFFFFFFFFFFFFFFFFFFFFFFFFFFFFFFFFFFFFFFFFFFFFFFFFFFFFFFFFFFFFFFFFFFFFFFFFFFFFFFFFFFFFFFFFFFFFFFFFFFFFFFFFFFFFFFFFFFFFFFFFFFFFFFFFFFFFFFFFFFFFFFFFFFFFFFFFFFFFFFFFFFFFFDFFFFFF3D000000030000000400000005000000060000000700000008000000090000000A0000000B0000000C0000000D0000000E0000000F000000100000001100000012000000130000001400000015000000160000001700000018000000190000001A0000001B0000001C0000001D0000001E0000001F000000200000002100000022000000230000002400000025000000260000002700000028000000290000002A0000002B0000002C0000002D0000002E0000002F00000030000000310000003200000033000000340000003500000036000000370000003800000039000000FEFFFFFFFEFFFFFF3C0000003E000000FEFFFFFFFEFFFFFFFFFFFFFFFFFFFFFFFFFFFFFFFFFFFFFFFFFFFFFFFFFFFFFFFFFFFFFFFFFFFFFFFFFFFFFFFFFFFFFFFFFFFFFFFFFFFFFFFFFFFFFFFFFFFFFFFFFFFFFFFFFFFFFFFFFFFFFFFFFFFFFFFFFFFFFFFFFFFFFFFFFFFFFFFFFFFFFFFFFFFFFFFFFFFFFFFFFFFFFFFFFFFFFFFFFFFFFFFFFFFFFFFFFFFFFFFFFFFFFFFFFFFFFFFFFFFFFFFFFFFFFFFFFFFFFFFFFFFFFFFFFFFFFFFFFFFFFFFFFFFFFFFFFFFFFFFFFFFFFFFFFFFFFFFFFFFFFFFFFFFFFFFFFFFFFFFFFFFFFFFFFFFFFFFFFFFFFFFFFFFFFFFFFFFFFFFFFFFFFFFFFFFFFFFFFFFFFFFFFFFFFFFFFFFFFFFFFFFFFFFFFFFFFFFFFFFFFFFFFFFFFFFFFFFFFFFFFFFFFFFFFFFFFFFFFFFFFFFFFFFFFFFFFFFFFFFFFFFFFF52006F006F007400200045006E00740072007900000000000000000000000000000000000000000000000000000000000000000000000000000000000000000016000500FFFFFFFFFFFFFFFF02000000000000000000000000000000000000000000000000000000000000004085F37727ECDC013B000000400400000000000044006400730058004D004C00530074007200650061006D00000000000000000000000000000000000000000000000000000000000000000000000000000000001A000201FFFFFFFFFFFFFFFFFFFFFFFF00000000000000000000000000000000000000000000000000000000000000000000000002000000E76F00000000000053006300680065006D00610020005500440056002000440065006600610075006C00740000000000000000000000000000000000000000000000000000000000260002010100000003000000FFFFFFFF000000000000000000000000000000000000000000000000000000000000000000000000000000001600000000000000440053005200450046002D0053004300480045004D0041002D0043004F004E00540045004E0054005300000000000000000000000000000000000000000000002C000201FFFFFFFF04000000FFFFFFFF000000000000000000000000000000000000000000000000000000000000000000000000010000009E030000000000003C6464733E3C6469616772616D20666F6E74636C7369643D227B37374432433932442D373737392D313144382D393037302D3030303635423834304439437D22206D6F75736569636F6E636C7369643D227B30424533353230342D384639312D313143452D394445332D3030414130303442423835317D222064656661756C746C61796F75743D224D534444532E52656374696C696E656172222064656661756C746C696E65726F7574653D224D534444532E52656374696C696E656172222076657273696F6E3D223722206E6578746F626A6563743D22313922207363616C653D22313030222070616765627265616B616E63686F72783D2230222070616765627265616B616E63686F72793D2230222070616765627265616B73697A65783D2230222070616765627265616B73697A65793D223022207363726F6C6C6C6566743D222D3837323522207363726F6C6C746F703D222D39333630222067726964783D22313530222067726964793D2231353022206D617267696E783D223530303022206D617267696E793D223530303022207A6F6F6D3D2236302220783D2232363633352220793D22313334393422206261636B636F6C6F723D222D32313437343833363433222064656661756C7470657273697374656E63653D223322205072696E74506167654E756D626572734D6F64653D223322205072696E744D617267696E546F703D223022205072696E744D617267696E426F74746F6D3D2236333522205072696E744D617267696E4C6566743D223022205072696E744D617267696E52696768743D223022206D61727175656573656C656374696F6E6D6F64653D223122206D6F757365706F696E7465723D22302220736E6170746F677269643D223122206175746F74797065616E6E6F746174696F6E3D2231222073686F777363726F6C6C626172733D223122207669657770616765627265616B733D22302220646F6E6F74666F726365636F6E6E6563746F7273626568696E647368617065733D2231223E3C666F6E743E3C646473786D6C6F626A65637473747265616D777261707065722062696E6172793D22303030303038303033303030303030303030303230303030222F3E3C2F666F6E743E3C6D6F75736569636F6E3E3C646473786D6C6F626A65637473747265616D777261707065722062696E6172793D2236633734303030303030303030303030222F3E3C2F6D6F75736569636F6E3E3C2F6469616772616D3E3C6C61796F75746D616E616765723E3C646473786D6C6F626A3E3C70726F7065727479206E616D653D227363685F6C6162656C735F76697369626C65222076616C75653D22302220766172747970653D223131222F3E3C2F646473786D6C6F626A3E3C2F6C61796F75746D616E616765723E3C646473636F6E74726F6C20636F6E74726F6C70726F6769643D227B36323341433037352D324337372D343837332D383833442D3933304234333634423442437D2220746F6F6C7469703D22426163536922206C6566743D2231303035302220746F703D222D3732303022206C6F676963616C69643D22312220636F6E74726F6C69643D223122206D617374657269643D2230222068696E74313D2230222068696E74323D2230222077696474683D223830343322206865696768743D223536343422206E6F726573697A653D223022206E6F6D6F76653D223022206E6F64656661756C74617474616368706F696E74733D223022206175746F647261673D2230222075736564656661756C7469646473686170653D2230222073656C65637461626C653D2231222073686F7773656C656374696F6E68616E646C65733D22302220616C6C6F776E756467696E673D223122206973616E6E6F746174696F6E3D22302220646F6E746175746F6C61796F75743D2230222067726F7570636F6C6C61707365643D2230222074616273746F703D2231222076697369626C653D22312220736E6170746F677269643D2231223E3C636F6E74726F6C3E3C646473786D6C6F626A65637473747265616D696E6974777261707065722062696E6172793D2232313433333431323038303030303030366231663030303030633136303030303738353633343132303730303030303031343031303030303432303036313030363330303533303036393030303030303030303030303030303030303030303030303030303030303030303030303030303030303030303030303030303030303030303030303030303030303030303030303030303030303030303030303030303030303030303030303030303030303030303030303030303030303030303030303030303030303030303030303030303030303030303030303030303030303030303030303030303030303030303030303030303030303030303030303030303030303030303030303030303030303030303030303030303030303030303030303030303030303030303030303030303030303030303030303030303030303030303030303030303030303030303030303030303030303030303030303030303030303030303030303030303030303030303030303030303030303030303030303030303030303030303030303030303030303030303030303030303030303030303030303030303030303030303030303030303030303030303030303030303030303030303030303030303030303030303030303030303030303030303030303030303030303030303030303030303030303030303030303030303030303030303030303030303030303030303030303030303030303030303030303030303030303030303030313030303030303035303030303030353430303030303032633030303030303263303030303030326330303030303033343030303030303030303030303030303030303030303033383365303030303134316230303030303030303030303032643031303030303061303030303030306330303030303030373030303030303163303130303030326530653030303039613062303030303136303330303030646530333030303062323032303030306263303730303030633830353030303037613033303030306338303530303030353830373030303030303035303030303030303030303030303130303030303036623166303030303063313630303030303030303030303030383030303030303038303030303030303230303030303030323030303030303163303130303030303431303030303030303030303030303031303030303030663931623030303037313039303030303030303030303030303330303030303030333030303030303032303030303030303230303030303031633031303030303265306530303030303130303030303030303030303030306639316230303030643330323030303030303030303030303030303030303030303030303030303030323030303030303032303030303030316330313030303032653065303030303030303030303030303030303030303064633462303030306231323130303030303030303030303030303030303030303064303030303030303430303030303030343030303030303163303130303030326530653030303063323130303030303530306130303030373835363334313230343030303030303534303030303030303130303030303030313030303030303062303030303030303030303030303030313030303030303032303030303030303330303030303030343030303030303035303030303030303630303030303030373030303030303038303030303030303930303030303030613030303030303034303030303030363430303632303036663030303030303036303030303030343230303631303036333030353330303639303030303030222F3E3C2F636F6E74726F6C3E3C6C61796F75746F626A6563743E3C646473786D6C6F626A3E3C70726F7065727479206E616D653D224163746976655461626C65566965774D6F6465222076616C75653D22312220766172747970653D2238222F3E3C70726F7065727479206E616D653D225461626C65566965774D6F64653A30222076616C75653D22342C302C3238342C302C333633302C312C323937302C352C313938302220766172747970653D2238222F3E3C70726F7065727479206E616D653D225461626C65566965774D6F64653A31222076616C75653D22322C302C3238342C302C343130302220766172747970653D2238222F3E3C70726F7065727479206E616D653D225461626C65566965774D6F64653A32222076616C75653D22322C302C3238342C302C333633302220766172747970653D2238222F3E3C70726F7065727479206E616D653D225461626C65566965774D6F64653A33222076616C75653D22322C302C3238342C302C333633302220766172747970653D2238222F3E3C70726F7065727479206E616D653D225461626C65566965774D6F64653A34222076616C75653D22342C302C3238342C302C333633302C31322C343239302C31312C323634302220766172747970653D2238222F3E3C2F646473786D6C6F626A3E3C2F6C61796F75746F626A6563743E3C73686170652067726F7570736861706569643D2230222067726F75706E6F64653D2230222F3E3C2F646473636F6E74726F6C3E3C646473636F6E74726F6C20636F6E74726F6C70726F6769643D227B36323341433037352D324337372D343837332D383833442D3933304234333634423442437D2220746F6F6C7469703D2243687579656E4B686F6122206C6566743D2231303035302220746F703D222D313237353022206C6F676963616C69643D22322220636F6E74726F6C69643D223222206D617374657269643D2230222068696E74313D2230222068696E74323D2230222077696474683D223830373022206865696768743D223331333122206E6F726573697A653D223022206E6F6D6F76653D223022206E6F64656661756C74617474616368706F696E74733D223022206175746F647261673D2230222075736564656661756C7469646473686170653D2230222073656C65637461626C653D2231222073686F7773656C656374696F6E68616E646C65733D22302220616C6C6F776E756467696E673D223122206973616E6E6F746174696F6E3D22302220646F6E746175746F6C61796F75743D2230222067726F7570636F6C6C61707365643D2230222074616273746F703D2231222076697369626C653D22312220736E6170746F677269643D2231223E3C636F6E74726F6C3E3C646473786D6C6F626A65637473747265616D696E6974777261707065722062696E6172793D22323134333334313230383030303030303836316630303030336230633030303037383536333431323037303030303030313430313030303034333030363830303735303037393030363530303665303034623030363830303666303036313030303030303030303030303030303030303030303030303030303030303030303030303030303030303030303030303030303030303030303030303030303030303030303030303030303030303030303030303030303030303030303030303030303030303030303030303030303030303030303030303030303030303030303030303030303030303030303030303030303030303030303030303030303030303030303030303030303030303030303030303030303030303030303030303030303030303030303030303030303030303030303030303030303030303030303030303030303030303030303030303030303030303030303030303030303030303030303030303030303030303030303030303030303030303030303030303030303030303030303030303030303030303030303030303030303030303030303030303030303030303030303030303030303030303030303030303030303030303030303030303030303030303030303030303030303030303030303030303030303030303030303030303030303030303030303030303030303030303030303030303030303030303030303030303030303030303030303030303030303030303030303030303030303130303030303030353030303030303534303030303030326330303030303032633030303030303263303030303030333430303030303030303030303030303030303030303030333833653030303037373134303030303030303030303030326430313030303030373030303030303063303030303030303730303030303031633031303030303265306530303030396130623030303031363033303030306465303330303030623230323030303062633037303030306338303530303030376130333030303063383035303030303538303730303030303030353030303030303030303030303031303030303030383631663030303033623063303030303030303030303030303330303030303030333030303030303032303030303030303230303030303031633031303030303065313030303030303030303030303030313030303030306639316230303030303830353030303030303030303030303031303030303030303130303030303030323030303030303032303030303030316330313030303032653065303030303031303030303030303030303030303066393162303030306433303230303030303030303030303030303030303030303030303030303030303230303030303030323030303030303163303130303030326530653030303030303030303030303030303030303030646334623030303062313231303030303030303030303030303030303030303030643030303030303034303030303030303430303030303031633031303030303265306530303030633231303030303035303061303030303738353633343132303430303030303035653030303030303031303030303030303130303030303030623030303030303030303030303030303130303030303030323030303030303033303030303030303430303030303030353030303030303036303030303030303730303030303030383030303030303039303030303030306130303030303030343030303030303634303036323030366630303030303030623030303030303433303036383030373530303739303036353030366530303462303036383030366630303631303030303030222F3E3C2F636F6E74726F6C3E3C6C61796F75746F626A6563743E3C646473786D6C6F626A3E3C70726F7065727479206E616D653D224163746976655461626C65566965774D6F6465222076616C75653D22312220766172747970653D2238222F3E3C70726F7065727479206E616D653D225461626C65566965774D6F64653A30222076616C75653D22342C302C3238342C302C333633302C312C323937302C352C313938302220766172747970653D2238222F3E3C70726F7065727479206E616D653D225461626C65566965774D6F64653A31222076616C75653D22322C302C3238342C302C343131302220766172747970653D2238222F3E3C70726F7065727479206E616D653D225461626C65566965774D6F64653A32222076616C75653D22322C302C3238342C302C333633302220766172747970653D2238222F3E3C70726F7065727479206E616D653D225461626C65566965774D6F64653A33222076616C75653D22322C302C3238342C302C333633302220766172747970653D2238222F3E3C70726F7065727479206E616D653D225461626C65566965774D6F64653A34222076616C75653D22342C302C3238342C302C333633302C31322C343239302C31312C323634302220766172747970653D2238222F3E3C2F646473786D6C6F626A3E3C2F6C61796F75746F626A6563743E3C73686170652067726F7570736861706569643D2230222067726F75706E6F64653D2230222F3E3C2F646473636F6E74726F6C3E3C646473636F6E74726F6C2073656D616E746963636F6F6B69653D2230313030303030303031303030303030363430303632303036663030303030303436303034623030356630303432303036313030363330303533303036393030356630303433303036383030373530303739303036353030366530303462303036383030366630303631303035663030346430303631303034333030363830303735303037393030363530303665303034623030363830303666303036313030303030302220636F6E74726F6C70726F6769643D224D534444532E506F6C796C696E652E3038302E312220746F6F6C7469703D2252656C6174696F6E736869702027464B5F42616353695F43687579656E4B686F615F4D6143687579656E4B686F6127206265747765656E202743687579656E4B686F612720616E64202742616353692722206C6566743D2231343134332220746F703D222D313033313422206C6F676963616C69643D22332220636F6E74726F6C69643D223322206D617374657269643D2230222068696E74313D2230222068696E74323D2230222077696474683D2238313522206865696768743D223338313422206E6F726573697A653D223022206E6F6D6F76653D223022206E6F64656661756C74617474616368706F696E74733D223122206175746F647261673D2230222075736564656661756C7469646473686170653D2230222073656C65637461626C653D2231222073686F7773656C656374696F6E68616E646C65733D22302220616C6C6F776E756467696E673D223122206973616E6E6F746174696F6E3D22302220646F6E746175746F6C61796F75743D2230222067726F7570636F6C6C61707365643D2230222074616273746F703D2231222076697369626C653D22312220736E6170746F677269643D2230223E3C636F6E74726F6C3E3C646473786D6C6F626A3E3C706F6C796C696E6520656E64747970656473743D22302220656E64747970657372633D2232222075736572636F6C6F723D22313537393033323022206C696E657374796C653D223022206C696E6572656E6465723D22302220637573746F6D656E647479706564737469643D22302220637573746F6D656E647479706573726369643D2230222061646F726E7376697369626C653D2231223E3C61646F726E6D656E742070657263656E74706F733D2234392E383630343935363530373436382220636F6E74726F6C69643D2234222077696474683D223533323522206865696768743D223333352220736964653D223122206265686176696F723D2233222068696D65747269633D223132303622206469737466726F6D6C696E653D22313735222073746172746F626A3D22302220783D2231343732352220793D222D38353830222076697369626C653D22302220616C6C6F776F7665726C61703D2231222075736570657263656E743D2231222F3E3C2F706F6C796C696E653E3C2F646473786D6C6F626A3E3C2F636F6E74726F6C3E3C6C61796F75746F626A6563743E3C646473786D6C6F626A2F3E3C2F6C61796F75746F626A6563743E3C636F6E6E6563746F7220736F7572636569643D223222206465737469643D22312220736F75726365617474616368706F696E743D223539222064657374617474616368706F696E743D22353822207365676D656E74656469746D6F64653D2230222062656E64706F696E74656469746D6F64653D2230222062656E64706F696E747669736962696C6974793D2230222072656C6174656469643D223022207669727475616C3D2230223E3C706F696E7420783D2231343535302220793D222D39363139222F3E3C706F696E7420783D2231343535302220793D222D37323030222F3E3C2F636F6E6E6563746F723E3C2F646473636F6E74726F6C3E3C646473636F6E74726F6C2073656D616E746963636F6F6B69653D22303166363063333431383961326232652220636F6E74726F6C70726F6769643D224D534444532E546578742E3038302E3122206C6566743D2231343732352220746F703D222D3835383022206C6F676963616C69643D22342220636F6E74726F6C69643D223422206D617374657269643D2233222068696E74313D2230222068696E74323D2230222077696474683D223533323522206865696768743D2233333522206E6F726573697A653D223122206E6F6D6F76653D223022206E6F64656661756C74617474616368706F696E74733D223122206175746F647261673D2231222075736564656661756C7469646473686170653D2231222073656C65637461626C653D2231222073686F7773656C656374696F6E68616E646C65733D22312220616C6C6F776E756467696E673D223122206973616E6E6F746174696F6E3D22302220646F6E746175746F6C61796F75743D2231222067726F7570636F6C6C61707365643D2230222074616273746F703D2230222076697369626C653D22302220736E6170746F677269643D2230223E3C636F6E74726F6C3E3C646473786D6C6F626A65637473747265616D696E6974777261707065722062696E6172793D2230303032303030306364313430303030346630313030303030333030303030303030303030353030303038303038303030303830303130303030303031353030303130303030303039303031383033383031303030363534363136383666366436313230303034363030346230303566303034323030363130303633303035333030363930303566303034333030363830303735303037393030363530303665303034623030363830303666303036313030356630303464303036313030343330303638303037353030373930303635303036653030346230303638303036663030363130303030303030303030222F3E3C2F636F6E74726F6C3E3C6C61796F75746F626A6563743E3C646473786D6C6F626A2F3E3C2F6C61796F75746F626A6563743E3C73686170652067726F7570736861706569643D2230222067726F75706E6F64653D2230222F3E3C2F646473636F6E74726F6C3E3C646473636F6E74726F6C20636F6E74726F6C70726F6769643D227B36323341433037352D324337372D343837332D383833442D3933304234333634423442437D2220746F6F6C7469703D224C69636848656E22206C6566743D222D313830302220746F703D222D3639303022206C6F676963616C69643D22352220636F6E74726F6C69643D223522206D617374657269643D2230222068696E74313D2230222068696E74323D2230222077696474683D223830343322206865696768743D223536343422206E6F726573697A653D223022206E6F6D6F76653D223022206E6F64656661756C74617474616368706F696E74733D223022206175746F647261673D2230222075736564656661756C7469646473686170653D2230222073656C65637461626C653D2231222073686F7773656C656374696F6E68616E646C65733D22302220616C6C6F776E756467696E673D223122206973616E6E6F746174696F6E3D22302220646F6E746175746F6C61796F75743D2230222067726F7570636F6C6C61707365643D2230222074616273746F703D2231222076697369626C653D22312220736E6170746F677269643D2231223E3C636F6E74726F6C3E3C646473786D6C6F626A65637473747265616D696E6974777261707065722062696E6172793D22323134333334313230383030303030303662316630303030306331363030303037383536333431323037303030303030313430313030303034633030363930303633303036383030343830303635303036653030303030303030303030303030303030303030303030303030303030303030303030303030303030303030303030303030303030303030303030303030303030303030303030303030303030303030303030303030303030303030303030303030303030303030303030303030303030303030303030303030303030303030303030303030303030303030303030303030303030303030303030303030303030303030303030303030303030303030303030303030303030303030303030303030303030303030303030303030303030303030303030303030303030303030303030303030303030303030303030303030303030303030303030303030303030303030303030303030303030303030303030303030303030303030303030303030303030303030303030303030303030303030303030303030303030303030303030303030303030303030303030303030303030303030303030303030303030303030303030303030303030303030303030303030303030303030303030303030303030303030303030303030303030303030303030303030303030303030303030303030303030303030303030303030303030303030303030303030303030303030303030303030303030303030303030303030303130303030303030353030303030303534303030303030326330303030303032633030303030303263303030303030333430303030303030303030303030303030303030303030333833653030303031343162303030303030303030303030326430313030303030613030303030303063303030303030303730303030303031633031303030303265306530303030396130623030303031363033303030306465303330303030623230323030303062633037303030306338303530303030376130333030303063383035303030303538303730303030303030353030303030303030303030303031303030303030366231663030303030633136303030303030303030303030303830303030303030383030303030303032303030303030303230303030303031633031303030303034313030303030303030303030303030313030303030306639316230303030643930643030303030303030303030303035303030303030303530303030303030323030303030303032303030303030316330313030303032653065303030303031303030303030303030303030303066393162303030306433303230303030303030303030303030303030303030303030303030303030303230303030303030323030303030303163303130303030326530653030303030303030303030303030303030303030646334623030303062313231303030303030303030303030303030303030303030643030303030303034303030303030303430303030303031633031303030303265306530303030633231303030303035303061303030303738353633343132303430303030303035383030303030303031303030303030303130303030303030623030303030303030303030303030303130303030303030323030303030303033303030303030303430303030303030353030303030303036303030303030303730303030303030383030303030303039303030303030306130303030303030343030303030303634303036323030366630303030303030383030303030303463303036393030363330303638303034383030363530303665303030303030222F3E3C2F636F6E74726F6C3E3C6C61796F75746F626A6563743E3C646473786D6C6F626A3E3C70726F7065727479206E616D653D224163746976655461626C65566965774D6F6465222076616C75653D22312220766172747970653D2238222F3E3C70726F7065727479206E616D653D225461626C65566965774D6F64653A30222076616C75653D22342C302C3238342C302C333633302C312C323937302C352C313938302220766172747970653D2238222F3E3C70726F7065727479206E616D653D225461626C65566965774D6F64653A31222076616C75653D22322C302C3238342C302C343130302220766172747970653D2238222F3E3C70726F7065727479206E616D653D225461626C65566965774D6F64653A32222076616C75653D22322C302C3238342C302C333633302220766172747970653D2238222F3E3C70726F7065727479206E616D653D225461626C65566965774D6F64653A33222076616C75653D22322C302C3238342C302C333633302220766172747970653D2238222F3E3C70726F7065727479206E616D653D225461626C65566965774D6F64653A34222076616C75653D22342C302C3238342C302C333633302C31322C343239302C31312C323634302220766172747970653D2238222F3E3C2F646473786D6C6F626A3E3C2F6C61796F75746F626A6563743E3C73686170652067726F7570736861706569643D2230222067726F75706E6F64653D2230222F3E3C2F646473636F6E74726F6C3E3C646473636F6E74726F6C2073656D616E746963636F6F6B69653D223031363733343265303130303030303036343030363230303666303030303030343630303462303035663030346330303639303036333030363830303438303036353030366530303566303034323030363130303633303035333030363930303566303034643030363130303432303036313030363330303533303036393030303030302220636F6E74726F6C70726F6769643D224D534444532E506F6C796C696E652E3038302E312220746F6F6C7469703D2252656C6174696F6E736869702027464B5F4C69636848656E5F42616353695F4D61426163536927206265747765656E202742616353692720616E6420274C69636848656E2722206C6566743D22353934332220746F703D222D3439303722206C6F676963616C69643D22362220636F6E74726F6C69643D223622206D617374657269643D2230222068696E74313D2230222068696E74323D2230222077696474683D223434303722206865696768743D223136383722206E6F726573697A653D223022206E6F6D6F76653D223022206E6F64656661756C74617474616368706F696E74733D223122206175746F647261673D2230222075736564656661756C7469646473686170653D2230222073656C65637461626C653D2231222073686F7773656C656374696F6E68616E646C65733D22302220616C6C6F776E756467696E673D223122206973616E6E6F746174696F6E3D22302220646F6E746175746F6C61796F75743D2230222067726F7570636F6C6C61707365643D2230222074616273746F703D2231222076697369626C653D22312220736E6170746F677269643D2230223E3C636F6E74726F6C3E3C646473786D6C6F626A3E3C706F6C796C696E6520656E64747970656473743D22302220656E64747970657372633D2232222075736572636F6C6F723D22313537393033323022206C696E657374796C653D223022206C696E6572656E6465723D22302220637573746F6D656E647479706564737469643D22302220637573746F6D656E647479706573726369643D2230222061646F726E7376697369626C653D2231223E3C61646F726E6D656E742070657263656E74706F733D2234392E393837343738303836363531362220636F6E74726F6C69643D2237222077696474683D223337323922206865696768743D223333352220736964653D223022206265686176696F723D2233222068696D65747269633D223233353222206469737466726F6D6C696E653D22313735222073746172746F626A3D22302220783D22353737352220793D222D34313130222076697369626C653D22302220616C6C6F776F7665726C61703D2231222075736570657263656E743D2231222F3E3C2F706F6C796C696E653E3C2F646473786D6C6F626A3E3C2F636F6E74726F6C3E3C6C61796F75746F626A6563743E3C646473786D6C6F626A2F3E3C2F6C61796F75746F626A6563743E3C636F6E6E6563746F7220736F7572636569643D223122206465737469643D22352220736F75726365617474616368706F696E743D22313338222064657374617474616368706F696E743D2231343722207365676D656E74656469746D6F64653D2230222062656E64706F696E74656469746D6F64653D2230222062656E64706F696E747669736962696C6974793D2230222072656C6174656469643D223022207669727475616C3D2230223E3C706F696E7420783D2231303035302220793D222D34353030222F3E3C706F696E7420783D22393530302220793D222D34353030222F3E3C706F696E7420783D22393530302220793D222D33363030222F3E3C706F696E7420783D22363234332220793D222D33363030222F3E3C2F636F6E6E6563746F723E3C2F646473636F6E74726F6C3E3C646473636F6E74726F6C2073656D616E746963636F6F6B69653D22303166363063333431383964326232652220636F6E74726F6C70726F6769643D224D534444532E546578742E3038302E3122206C6566743D22353737352220746F703D222D3431313022206C6F676963616C69643D22372220636F6E74726F6C69643D223722206D617374657269643D2236222068696E74313D2230222068696E74323D2230222077696474683D223337323922206865696768743D2233333522206E6F726573697A653D223122206E6F6D6F76653D223022206E6F64656661756C74617474616368706F696E74733D223122206175746F647261673D2231222075736564656661756C7469646473686170653D2231222073656C65637461626C653D2231222073686F7773656C656374696F6E68616E646C65733D22312220616C6C6F776E756467696E673D223122206973616E6E6F746174696F6E3D22302220646F6E746175746F6C61796F75743D2231222067726F7570636F6C6C61707365643D2230222074616273746F703D2230222076697369626C653D22302220736E6170746F677269643D2230223E3C636F6E74726F6C3E3C646473786D6C6F626A65637473747265616D696E6974777261707065722062696E6172793D223030303230303030393130653030303034663031303030303033303030303030303030303035303030303830303830303030383030313030303030303135303030313030303030303930303138303338303130303036353436313638366636643631313830303436303034623030356630303463303036393030363330303638303034383030363530303665303035663030343230303631303036333030353330303639303035663030346430303631303034323030363130303633303035333030363930303030303030303030222F3E3C2F636F6E74726F6C3E3C6C61796F75746F626A6563743E3C646473786D6C6F626A2F3E3C2F6C61796F75746F626A6563743E3C73686170652067726F7570736861706569643D2230222067726F75706E6F64653D2230222F3E3C2F646473636F6E74726F6C3E3C646473636F6E74726F6C20636F6E74726F6C70726F6769643D227B36323341433037352D324337372D343837332D383833442D3933304234333634423442437D2220746F6F6C7469703D2242656E684E68616E22206C6566743D2231303635302220746F703D223138303022206C6F676963616C69643D22382220636F6E74726F6C69643D223822206D617374657269643D2230222068696E74313D2230222068696E74323D2230222077696474683D223830343322206865696768743D223339353122206E6F726573697A653D223022206E6F6D6F76653D223022206E6F64656661756C74617474616368706F696E74733D223022206175746F647261673D2230222075736564656661756C7469646473686170653D2230222073656C65637461626C653D2231222073686F7773656C656374696F6E68616E646C65733D22302220616C6C6F776E756467696E673D223122206973616E6E6F746174696F6E3D22302220646F6E746175746F6C61796F75743D2230222067726F7570636F6C6C61707365643D2230222074616273746F703D2231222076697369626C653D22312220736E6170746F677269643D2231223E3C636F6E74726F6C3E3C646473786D6C6F626A65637473747265616D696E6974777261707065722062696E6172793D2232313433333431323038303030303030366231663030303036663066303030303738353633343132303730303030303031343031303030303432303036353030366530303638303034653030363830303631303036653030303030303030303030303030303030303030303030303030303030303030303030303030303030303030303030303030303030303030303030303030303030303030303030303030303030303030303030303030303030303030303030303030303030303030303030303030303030303030303030303030303030303030303030303030303030303030303030303030303030303030303030303030303030303030303030303030303030303030303030303030303030303030303030303030303030303030303030303030303030303030303030303030303030303030303030303030303030303030303030303030303030303030303030303030303030303030303030303030303030303030303030303030303030303030303030303030303030303030303030303030303030303030303030303030303030303030303030303030303030303030303030303030303030303030303030303030303030303030303030303030303030303030303030303030303030303030303030303030303030303030303030303030303030303030303030303030303030303030303030303030303030303030303030303030303030303030303030303030303030303030303030303030303030303030303030313030303030303035303030303030353430303030303032633030303030303263303030303030326330303030303033343030303030303030303030303030303030303030303033383365303030303737313430303030303030303030303032643031303030303037303030303030306330303030303030373030303030303163303130303030326530653030303039613062303030303136303330303030646530333030303062323032303030306263303730303030633830353030303037613033303030306338303530303030353830373030303030303035303030303030303030303030303130303030303036623166303030303666306630303030303030303030303030353030303030303035303030303030303230303030303030323030303030303163303130303030306531303030303030303030303030303031303030303030663931623030303033633037303030303030303030303030303230303030303030323030303030303032303030303030303230303030303031633031303030303265306530303030303130303030303030303030303030306639316230303030643330323030303030303030303030303030303030303030303030303030303030323030303030303032303030303030316330313030303032653065303030303030303030303030303030303030303064633462303030306231323130303030303030303030303030303030303030303064303030303030303430303030303030343030303030303163303130303030326530653030303063323130303030303530306130303030373835363334313230343030303030303561303030303030303130303030303030313030303030303062303030303030303030303030303030313030303030303032303030303030303330303030303030343030303030303035303030303030303630303030303030373030303030303038303030303030303930303030303030613030303030303034303030303030363430303632303036663030303030303039303030303030343230303635303036653030363830303465303036383030363130303665303030303030222F3E3C2F636F6E74726F6C3E3C6C61796F75746F626A6563743E3C646473786D6C6F626A3E3C70726F7065727479206E616D653D224163746976655461626C65566965774D6F6465222076616C75653D22312220766172747970653D2238222F3E3C70726F7065727479206E616D653D225461626C65566965774D6F64653A30222076616C75653D22342C302C3238342C302C333633302C312C323937302C352C313938302220766172747970653D2238222F3E3C70726F7065727479206E616D653D225461626C65566965774D6F64653A31222076616C75653D22322C302C3238342C302C343131302220766172747970653D2238222F3E3C70726F7065727479206E616D653D225461626C65566965774D6F64653A32222076616C75653D22322C302C3238342C302C333633302220766172747970653D2238222F3E3C70726F7065727479206E616D653D225461626C65566965774D6F64653A33222076616C75653D22322C302C3238342C302C333633302220766172747970653D2238222F3E3C70726F7065727479206E616D653D225461626C65566965774D6F64653A34222076616C75653D22342C302C3238342C302C333633302C31322C343239302C31312C323634302220766172747970653D2238222F3E3C2F646473786D6C6F626A3E3C2F6C61796F75746F626A6563743E3C73686170652067726F7570736861706569643D2230222067726F75706E6F64653D2230222F3E3C2F646473636F6E74726F6C3E3C646473636F6E74726F6C2073656D616E746963636F6F6B69653D223031303033353030303130303030303036343030363230303666303030303030343630303462303035663030346330303639303036333030363830303438303036353030366530303566303034323030363530303665303036383030346530303638303036313030366530303566303034643030363130303432303036353030366530303638303034653030363830303631303036653030303030302220636F6E74726F6C70726F6769643D224D534444532E506F6C796C696E652E3038302E312220746F6F6C7469703D2252656C6174696F6E736869702027464B5F4C69636848656E5F42656E684E68616E5F4D6142656E684E68616E27206265747765656E202742656E684E68616E2720616E6420274C69636848656E2722206C6566743D22353934332220746F703D222D3335323922206C6F676963616C69643D22392220636F6E74726F6C69643D223922206D617374657269643D2230222068696E74313D2230222068696E74323D2230222077696474683D223530303722206865696768743D223736383722206E6F726573697A653D223022206E6F6D6F76653D223022206E6F64656661756C74617474616368706F696E74733D223122206175746F647261673D2230222075736564656661756C7469646473686170653D2230222073656C65637461626C653D2231222073686F7773656C656374696F6E68616E646C65733D22302220616C6C6F776E756467696E673D223122206973616E6E6F746174696F6E3D22302220646F6E746175746F6C61796F75743D2230222067726F7570636F6C6C61707365643D2230222074616273746F703D2231222076697369626C653D22312220736E6170746F677269643D2230223E3C636F6E74726F6C3E3C646473786D6C6F626A3E3C706F6C796C696E6520656E64747970656473743D22302220656E64747970657372633D2232222075736572636F6C6F723D22313537393033323022206C696E657374796C653D223022206C696E6572656E6465723D22302220637573746F6D656E647479706564737469643D22302220637573746F6D656E647479706573726369643D2230222061646F726E7376697369626C653D2231223E3C61646F726E6D656E742070657263656E74706F733D2234392E3834343038333337343336342220636F6E74726F6C69643D223130222077696474683D223530373622206865696768743D223333352220736964653D223122206265686176696F723D2233222068696D65747269633D223536333522206469737466726F6D6C696E653D22313735222073746172746F626A3D22302220783D22343234392220793D222D353630222076697369626C653D22302220616C6C6F776F7665726C61703D2231222075736570657263656E743D2231222F3E3C2F706F6C796C696E653E3C2F646473786D6C6F626A3E3C2F636F6E74726F6C3E3C6C61796F75746F626A6563743E3C646473786D6C6F626A2F3E3C2F6C61796F75746F626A6563743E3C636F6E6E6563746F7220736F7572636569643D223822206465737469643D22352220736F75726365617474616368706F696E743D22313238222064657374617474616368706F696E743D2231353322207365676D656E74656469746D6F64653D2230222062656E64706F696E74656469746D6F64653D2230222062656E64706F696E747669736962696C6974793D2230222072656C6174656469643D223022207669727475616C3D2230223E3C706F696E7420783D2231303635302220793D2233373530222F3E3C706F696E7420783D22393530302220793D2233373530222F3E3C706F696E7420783D22393530302220793D222D33313530222F3E3C706F696E7420783D22363234332220793D222D33313530222F3E3C2F636F6E6E6563746F723E3C2F646473636F6E74726F6C3E3C646473636F6E74726F6C2073656D616E746963636F6F6B69653D22303166363063333463386634313933612220636F6E74726F6C70726F6769643D224D534444532E546578742E3038302E3122206C6566743D22343234392220746F703D222D35363022206C6F676963616C69643D2231302220636F6E74726F6C69643D22313022206D617374657269643D2239222068696E74313D2230222068696E74323D2230222077696474683D223530373622206865696768743D2233333522206E6F726573697A653D223122206E6F6D6F76653D223022206E6F64656661756C74617474616368706F696E74733D223122206175746F647261673D2231222075736564656661756C7469646473686170653D2231222073656C65637461626C653D2231222073686F7773656C656374696F6E68616E646C65733D22312220616C6C6F776E756467696E673D223122206973616E6E6F746174696F6E3D22302220646F6E746175746F6C61796F75743D2231222067726F7570636F6C6C61707365643D2230222074616273746F703D2230222076697369626C653D22302220736E6170746F677269643D2230223E3C636F6E74726F6C3E3C646473786D6C6F626A65637473747265616D696E6974777261707065722062696E6172793D223030303230303030643431333030303034663031303030303033303030303030303030303035303030303830303830303030383030313030303030303135303030313030303030303930303138303338303130303036353436313638366636643631316530303436303034623030356630303463303036393030363330303638303034383030363530303665303035663030343230303635303036653030363830303465303036383030363130303665303035663030346430303631303034323030363530303665303036383030346530303638303036313030366530303030303030303030222F3E3C2F636F6E74726F6C3E3C6C61796F75746F626A6563743E3C646473786D6C6F626A2F3E3C2F6C61796F75746F626A6563743E3C73686170652067726F7570736861706569643D2230222067726F75706E6F64653D2230222F3E3C2F646473636F6E74726F6C3E3C646473636F6E74726F6C20636F6E74726F6C70726F6769643D227B36323341433037352D324337372D343837332D383833442D3933304234333634423442437D2220746F6F6C7469703D224E67756F6944756E6722206C6566743D2232323230302220746F703D222D3532353022206C6F676963616C69643D2231312220636F6E74726F6C69643D22313122206D617374657269643D2230222068696E74313D2230222068696E74323D2230222077696474683D223830323622206865696768743D223733323022206E6F726573697A653D223022206E6F6D6F76653D223022206E6F64656661756C74617474616368706F696E74733D223022206175746F647261673D2230222075736564656661756C7469646473686170653D2230222073656C65637461626C653D2231222073686F7773656C656374696F6E68616E646C65733D22302220616C6C6F776E756467696E673D223122206973616E6E6F746174696F6E3D22302220646F6E746175746F6C61796F75743D2230222067726F7570636F6C6C61707365643D2230222074616273746F703D2231222076697369626C653D22312220736E6170746F677269643D2231223E3C636F6E74726F6C3E3C646473786D6C6F626A65637473747265616D696E6974777261707065722062696E6172793D223231343333343132303830303030303035613166303030303938316330303030373835363334313230373030303030303134303130303030346530303637303037353030366630303639303034343030373530303665303036373030303030303030303030303030303030303030303030303030303030303030303030303030303030303030303030303030303030303030303030303030303030303030303030303030303030303030303030303030303030303030303030303030303030303030303030303030303030303030303030303030303030303030303030303030303030303030303030303030303030303030303030303030303030303030303030303030303030303030303030303030303030303030303030303030303030303030303030303030303030303030303030303030303030303030303030303030303030303030303030303030303030303030303030303030303030303030303030303030303030303030303030303030303030303030303030303030303030303030303030303030303030303030303030303030303030303030303030303030303030303030303030303030303030303030303030303030303030303030303030303030303030303030303030303030303030303030303030303030303030303030303030303030303030303030303030303030303030303030303030303030303030303030303030303030303030303030303030303030303030303030303030303030303030303031303030303030303530303030303035343030303030303263303030303030326330303030303032633030303030303334303030303030303030303030303030303030303030303338336530303030343931643030303030303030303030303264303130303030306230303030303030633030303030303037303030303030316330313030303032653065303030303961306230303030313630333030303064653033303030306232303230303030626330373030303063383035303030303761303330303030633830353030303035383037303030303030303530303030303030303030303030313030303030303561316630303030393831633030303030303030303030303039303030303030303930303030303030323030303030303032303030303030316330313030303030343130303030303030303030303030303130303030303066393162303030303731303930303030303030303030303030333030303030303033303030303030303230303030303030323030303030303163303130303030326530653030303030313030303030303030303030303030663931623030303064333032303030303030303030303030303030303030303030303030303030303032303030303030303230303030303031633031303030303265306530303030303030303030303030303030303030306463346230303030623132313030303030303030303030303030303030303030306430303030303030343030303030303034303030303030316330313030303032653065303030306332313030303030353030613030303037383536333431323034303030303030356330303030303030313030303030303031303030303030306230303030303030303030303030303031303030303030303230303030303030333030303030303034303030303030303530303030303030363030303030303037303030303030303830303030303030393030303030303061303030303030303430303030303036343030363230303666303030303030306130303030303034653030363730303735303036663030363930303434303037353030366530303637303030303030222F3E3C2F636F6E74726F6C3E3C6C61796F75746F626A6563743E3C646473786D6C6F626A3E3C70726F7065727479206E616D653D224163746976655461626C65566965774D6F6465222076616C75653D22312220766172747970653D2238222F3E3C70726F7065727479206E616D653D225461626C65566965774D6F64653A30222076616C75653D22342C302C3238342C302C333633302C312C323937302C352C313938302220766172747970653D2238222F3E3C70726F7065727479206E616D653D225461626C65566965774D6F64653A31222076616C75653D22322C302C3238342C302C343130302220766172747970653D2238222F3E3C70726F7065727479206E616D653D225461626C65566965774D6F64653A32222076616C75653D22322C302C3238342C302C333633302220766172747970653D2238222F3E3C70726F7065727479206E616D653D225461626C65566965774D6F64653A33222076616C75653D22322C302C3238342C302C333633302220766172747970653D2238222F3E3C70726F7065727479206E616D653D225461626C65566965774D6F64653A34222076616C75653D22342C302C3238342C302C333633302C31322C343239302C31312C323634302220766172747970653D2238222F3E3C2F646473786D6C6F626A3E3C2F6C61796F75746F626A6563743E3C73686170652067726F7570736861706569643D2230222067726F75706E6F64653D2230222F3E3C2F646473636F6E74726F6C3E3C646473636F6E74726F6C2073656D616E746963636F6F6B69653D223031303033353030303130303030303036343030363230303666303030303030343630303462303035663030343230303631303036333030353330303639303035663030346530303637303037353030366630303639303034343030373530303665303036373030356630303464303036313030346530303637303037353030366630303639303034343030373530303665303036373030303030302220636F6E74726F6C70726F6769643D224D534444532E506F6C796C696E652E3038302E312220746F6F6C7469703D2252656C6174696F6E736869702027464B5F42616353695F4E67756F6944756E675F4D614E67756F6944756E6727206265747765656E20274E67756F6944756E672720616E64202742616353692722206C6566743D2231373739332220746F703D222D3232303722206C6F676963616C69643D2231322220636F6E74726F6C69643D22313222206D617374657269643D2230222068696E74313D2230222068696E74323D2230222077696474683D223437303722206865696768743D2238313522206E6F726573697A653D223022206E6F6D6F76653D223022206E6F64656661756C74617474616368706F696E74733D223122206175746F647261673D2230222075736564656661756C7469646473686170653D2230222073656C65637461626C653D2231222073686F7773656C656374696F6E68616E646C65733D22302220616C6C6F776E756467696E673D223122206973616E6E6F746174696F6E3D22302220646F6E746175746F6C61796F75743D2230222067726F7570636F6C6C61707365643D2230222074616273746F703D2231222076697369626C653D22312220736E6170746F677269643D2230223E3C636F6E74726F6C3E3C646473786D6C6F626A3E3C706F6C796C696E6520656E64747970656473743D22322220656E64747970657372633D2232222075736572636F6C6F723D22313537393033323022206C696E657374796C653D223022206C696E6572656E6465723D22302220637573746F6D656E647479706564737469643D22302220637573746F6D656E647479706573726369643D2230222061646F726E7376697369626C653D2231223E3C61646F726E6D656E742070657263656E74706F733D2235352E373535393437383132373339382220636F6E74726F6C69643D223133222077696474683D223530313822206865696768743D223333352220736964653D223022206265686176696F723D2233222068696D65747269633D223232383922206469737466726F6D6C696E653D22313735222073746172746F626A3D22302220783D2231373638392220793D222D32333130222076697369626C653D22302220616C6C6F776F7665726C61703D2231222075736570657263656E743D2231222F3E3C2F706F6C796C696E653E3C2F646473786D6C6F626A3E3C2F636F6E74726F6C3E3C6C61796F75746F626A6563743E3C646473786D6C6F626A2F3E3C2F6C61796F75746F626A6563743E3C636F6E6E6563746F7220736F7572636569643D22313122206465737469643D22312220736F75726365617474616368706F696E743D22313438222064657374617474616368706F696E743D2231373522207365676D656E74656469746D6F64653D2230222062656E64706F696E74656469746D6F64653D2230222062656E64706F696E747669736962696C6974793D2230222072656C6174656469643D223022207669727475616C3D2230223E3C706F696E7420783D2232323230302220793D222D31383030222F3E3C706F696E7420783D2231383039332220793D222D31383030222F3E3C2F636F6E6E6563746F723E3C2F646473636F6E74726F6C3E3C646473636F6E74726F6C2073656D616E746963636F6F6B69653D22303166363063333437303530323433612220636F6E74726F6C70726F6769643D224D534444532E546578742E3038302E3122206C6566743D2231373638392220746F703D222D3233313022206C6F676963616C69643D2231332220636F6E74726F6C69643D22313322206D617374657269643D223132222068696E74313D2230222068696E74323D2230222077696474683D223530313822206865696768743D2233333522206E6F726573697A653D223122206E6F6D6F76653D223022206E6F64656661756C74617474616368706F696E74733D223122206175746F647261673D2231222075736564656661756C7469646473686170653D2231222073656C65637461626C653D2231222073686F7773656C656374696F6E68616E646C65733D22312220616C6C6F776E756467696E673D223122206973616E6E6F746174696F6E3D22302220646F6E746175746F6C61796F75743D2231222067726F7570636F6C6C61707365643D2230222074616273746F703D2230222076697369626C653D22302220736E6170746F677269643D2230223E3C636F6E74726F6C3E3C646473786D6C6F626A65637473747265616D696E6974777261707065722062696E6172793D223030303230303030396131333030303034663031303030303033303030303030303030306666666666663030303830303030383030313030303030303135303030313030303030303930303138303338303130303036353436313638366636643631316530303436303034623030356630303432303036313030363330303533303036393030356630303465303036373030373530303666303036393030343430303735303036653030363730303566303034643030363130303465303036373030373530303666303036393030343430303735303036653030363730303030303030303030222F3E3C2F636F6E74726F6C3E3C6C61796F75746F626A6563743E3C646473786D6C6F626A2F3E3C2F6C61796F75746F626A6563743E3C73686170652067726F7570736861706569643D2230222067726F75706E6F64653D2230222F3E3C2F646473636F6E74726F6C3E3C646473636F6E74726F6C2073656D616E746963636F6F6B69653D223031303030303030303130303030303036343030363230303666303030303030343630303462303035663030343230303635303036653030363830303465303036383030363130303665303035663030346530303637303037353030366630303639303034343030373530303665303036373030356630303464303036313030346530303637303037353030366630303639303034343030373530303665303036373030303030302220636F6E74726F6C70726F6769643D224D534444532E506F6C796C696E652E3038302E312220746F6F6C7469703D2252656C6174696F6E736869702027464B5F42656E684E68616E5F4E67756F6944756E675F4D614E67756F6944756E6727206265747765656E20274E67756F6944756E672720616E64202742656E684E68616E2722206C6566743D2231383339332220746F703D223135343322206C6F676963616C69643D2231342220636F6E74726F6C69643D22313422206D617374657269643D2230222068696E74313D2230222068696E74323D2230222077696474683D223431303722206865696768743D2238313522206E6F726573697A653D223022206E6F6D6F76653D223022206E6F64656661756C74617474616368706F696E74733D223122206175746F647261673D2230222075736564656661756C7469646473686170653D2230222073656C65637461626C653D2231222073686F7773656C656374696F6E68616E646C65733D22302220616C6C6F776E756467696E673D223122206973616E6E6F746174696F6E3D22302220646F6E746175746F6C61796F75743D2230222067726F7570636F6C6C61707365643D2230222074616273746F703D2231222076697369626C653D22312220736E6170746F677269643D2230223E3C636F6E74726F6C3E3C646473786D6C6F626A3E3C706F6C796C696E6520656E64747970656473743D22322220656E64747970657372633D2232222075736572636F6C6F723D22313537393033323022206C696E657374796C653D223022206C696E6572656E6465723D22302220637573746F6D656E647479706564737469643D22302220637573746F6D656E647479706573726369643D2230222061646F726E7376697369626C653D2231223E3C61646F726E6D656E742070657263656E74706F733D2234392E363134333131353035303035372220636F6E74726F6C69643D223135222077696474683D223536393022206865696768743D223333352220736964653D223122206265686176696F723D2233222068696D65747269633D223137333922206469737466726F6D6C696E653D22313735222073746172746F626A3D22302220783D2231373539322220793D2232313235222076697369626C653D22302220616C6C6F776F7665726C61703D2231222075736570657263656E743D2231222F3E3C2F706F6C796C696E653E3C2F646473786D6C6F626A3E3C2F636F6E74726F6C3E3C6C61796F75746F626A6563743E3C646473786D6C6F626A2F3E3C2F6C61796F75746F626A6563743E3C636F6E6E6563746F7220736F7572636569643D22313122206465737469643D22382220736F75726365617474616368706F696E743D22313938222064657374617474616368706F696E743D2231303522207365676D656E74656469746D6F64653D2230222062656E64706F696E74656469746D6F64653D2230222062656E64706F696E747669736962696C6974793D2230222072656C6174656469643D223022207669727475616C3D2230223E3C706F696E7420783D2232323230302220793D2231393530222F3E3C706F696E7420783D2231383639332220793D2231393530222F3E3C2F636F6E6E6563746F723E3C2F646473636F6E74726F6C3E3C646473636F6E74726F6C2073656D616E746963636F6F6B69653D22303166363063333433303532323433612220636F6E74726F6C70726F6769643D224D534444532E546578742E3038302E3122206C6566743D2231373539322220746F703D223231323522206C6F676963616C69643D2231352220636F6E74726F6C69643D22313522206D617374657269643D223134222068696E74313D2230222068696E74323D2230222077696474683D223536393022206865696768743D2233333522206E6F726573697A653D223122206E6F6D6F76653D223022206E6F64656661756C74617474616368706F696E74733D223122206175746F647261673D2231222075736564656661756C7469646473686170653D2231222073656C65637461626C653D2231222073686F7773656C656374696F6E68616E646C65733D22312220616C6C6F776E756467696E673D223122206973616E6E6F746174696F6E3D22302220646F6E746175746F6C61796F75743D2231222067726F7570636F6C6C61707365643D2230222074616273746F703D2230222076697369626C653D22302220736E6170746F677269643D2230223E3C636F6E74726F6C3E3C646473786D6C6F626A65637473747265616D696E6974777261707065722062696E6172793D223030303230303030336131363030303034663031303030303033303030303030303030306666666666663030303830303030383030313030303030303135303030313030303030303930303138303338303130303036353436313638366636643631323130303436303034623030356630303432303036353030366530303638303034653030363830303631303036653030356630303465303036373030373530303666303036393030343430303735303036653030363730303566303034643030363130303465303036373030373530303666303036393030343430303735303036653030363730303030303030303030222F3E3C2F636F6E74726F6C3E3C6C61796F75746F626A6563743E3C646473786D6C6F626A2F3E3C2F6C61796F75746F626A6563743E3C73686170652067726F7570736861706569643D2230222067726F75706E6F64653D2230222F3E3C2F646473636F6E74726F6C3E3C646473636F6E74726F6C20636F6E74726F6C70726F6769643D227B36323341433037352D324337372D343837332D383833442D3933304234333634423442437D2220746F6F6C7469703D22486F536F42656E68416E22206C6566743D222D313635302220746F703D223238353022206C6F676963616C69643D2231362220636F6E74726F6C69643D22313622206D617374657269643D2230222068696E74313D2230222068696E74323D2230222077696474683D223830343322206865696768743D223435313522206E6F726573697A653D223022206E6F6D6F76653D223022206E6F64656661756C74617474616368706F696E74733D223022206175746F647261673D2230222075736564656661756C7469646473686170653D2230222073656C65637461626C653D2231222073686F7773656C656374696F6E68616E646C65733D22302220616C6C6F776E756467696E673D223122206973616E6E6F746174696F6E3D22302220646F6E746175746F6C61796F75743D2230222067726F7570636F6C6C61707365643D2230222074616273746F703D2231222076697369626C653D22312220736E6170746F677269643D2231223E3C636F6E74726F6C3E3C646473786D6C6F626A65637473747265616D696E6974777261707065722062696E6172793D22323134333334313230383030303030303662316630303030613331313030303037383536333431323037303030303030313430313030303034383030366630303533303036663030343230303635303036653030363830303431303036653030303030303030303030303030303030303030303030303030303030303030303030303030303030303030303030303030303030303030303030303030303030303030303030303030303030303030303030303030303030303030303030303030303030303030303030303030303030303030303030303030303030303030303030303030303030303030303030303030303030303030303030303030303030303030303030303030303030303030303030303030303030303030303030303030303030303030303030303030303030303030303030303030303030303030303030303030303030303030303030303030303030303030303030303030303030303030303030303030303030303030303030303030303030303030303030303030303030303030303030303030303030303030303030303030303030303030303030303030303030303030303030303030303030303030303030303030303030303030303030303030303030303030303030303030303030303030303030303030303030303030303030303030303030303030303030303030303030303030303030303030303030303030303030303030303030303030303030303030303030303030303030303030303130303030303030353030303030303534303030303030326330303030303032633030303030303263303030303030333430303030303030303030303030303030303030303030333833653030303061623136303030303030303030303030326430313030303030383030303030303063303030303030303730303030303031633031303030303265306530303030396130623030303031363033303030306465303330303030623230323030303062633037303030306338303530303030376130333030303063383035303030303538303730303030303030353030303030303030303030303031303030303030366231663030303061333131303030303030303030303030303630303030303030363030303030303032303030303030303230303030303031633031303030303034313030303030303030303030303030313030303030306639316230303030336330373030303030303030303030303032303030303030303230303030303030323030303030303032303030303030316330313030303032653065303030303031303030303030303030303030303066393162303030306433303230303030303030303030303030303030303030303030303030303030303230303030303030323030303030303163303130303030326530653030303030303030303030303030303030303030646334623030303062313231303030303030303030303030303030303030303030643030303030303034303030303030303430303030303031633031303030303265306530303030633231303030303035303061303030303738353633343132303430303030303035653030303030303031303030303030303130303030303030623030303030303030303030303030303130303030303030323030303030303033303030303030303430303030303030353030303030303036303030303030303730303030303030383030303030303039303030303030306130303030303030343030303030303634303036323030366630303030303030623030303030303438303036663030353330303666303034323030363530303665303036383030343130303665303030303030222F3E3C2F636F6E74726F6C3E3C6C61796F75746F626A6563743E3C646473786D6C6F626A3E3C70726F7065727479206E616D653D224163746976655461626C65566965774D6F6465222076616C75653D22312220766172747970653D2238222F3E3C70726F7065727479206E616D653D225461626C65566965774D6F64653A30222076616C75653D22342C302C3238342C302C333633302C312C323937302C352C313938302220766172747970653D2238222F3E3C70726F7065727479206E616D653D225461626C65566965774D6F64653A31222076616C75653D22322C302C3238342C302C343130302220766172747970653D2238222F3E3C70726F7065727479206E616D653D225461626C65566965774D6F64653A32222076616C75653D22322C302C3238342C302C333633302220766172747970653D2238222F3E3C70726F7065727479206E616D653D225461626C65566965774D6F64653A33222076616C75653D22322C302C3238342C302C333633302220766172747970653D2238222F3E3C70726F7065727479206E616D653D225461626C65566965774D6F64653A34222076616C75653D22342C302C3238342C302C333633302C31322C343239302C31312C323634302220766172747970653D2238222F3E3C2F646473786D6C6F626A3E3C2F6C61796F75746F626A6563743E3C73686170652067726F7570736861706569643D2230222067726F75706E6F64653D2230222F3E3C2F646473636F6E74726F6C3E3C646473636F6E74726F6C2073656D616E746963636F6F6B69653D22303130303335303030313030303030303634303036323030366630303030303034363030346230303566303034383030366630303533303036663030343230303635303036653030363830303431303036653030356630303463303036393030363330303638303034383030363530303665303035663030346430303631303034633030363930303633303036383030343830303635303036653030303030302220636F6E74726F6C70726F6769643D224D534444532E506F6C796C696E652E3038302E312220746F6F6C7469703D2252656C6174696F6E736869702027464B5F486F536F42656E68416E5F4C69636848656E5F4D614C69636848656E27206265747765656E20274C69636848656E2720616E642027486F536F42656E68416E2722206C6566743D222D313635302220746F703D222D3139353122206C6F676963616C69643D2231372220636F6E74726F6C69643D22313722206D617374657269643D2230222068696E74313D2230222068696E74323D2230222077696474683D223830353822206865696768743D223531303122206E6F726573697A653D223022206E6F6D6F76653D223022206E6F64656661756C74617474616368706F696E74733D223122206175746F647261673D2230222075736564656661756C7469646473686170653D2230222073656C65637461626C653D2231222073686F7773656C656374696F6E68616E646C65733D22302220616C6C6F776E756467696E673D223122206973616E6E6F746174696F6E3D22302220646F6E746175746F6C61796F75743D2230222067726F7570636F6C6C61707365643D2230222074616273746F703D2231222076697369626C653D22312220736E6170746F677269643D2230223E3C636F6E74726F6C3E3C646473786D6C6F626A3E3C706F6C796C696E6520656E64747970656473743D22322220656E64747970657372633D2232222075736572636F6C6F723D22313537393033323022206C696E657374796C653D223022206C696E6572656E6465723D22302220637573746F6D656E647479706564737469643D22302220637573746F6D656E647479706573726369643D2230222061646F726E7376697369626C653D2231223E3C61646F726E6D656E742070657263656E74706F733D2234372E343731393130313132333539362220636F6E74726F6C69643D223138222077696474683D223531373222206865696768743D223333352220736964653D223022206265686176696F723D2233222068696D65747269633D223534333822206469737466726F6D6C696E653D22313735222073746172746F626A3D22302220783D222D323035372220793D22393632222076697369626C653D22302220616C6C6F776F7665726C61703D2231222075736570657263656E743D2231222F3E3C2F706F6C796C696E653E3C2F646473786D6C6F626A3E3C2F636F6E74726F6C3E3C6C61796F75746F626A6563743E3C646473786D6C6F626A2F3E3C2F6C61796F75746F626A6563743E3C636F6E6E6563746F7220736F7572636569643D223522206465737469643D2231362220736F75726365617474616368706F696E743D22313033222064657374617474616368706F696E743D223222207365676D656E74656469746D6F64653D2230222062656E64706F696E74656469746D6F64653D2230222062656E64706F696E747669736962696C6974793D2230222072656C6174656469643D223022207669727475616C3D2230223E3C706F696E7420783D22363030302220793D222D31323536222F3E3C706F696E7420783D22363030302220793D2231343732222F3E3C706F696E7420783D222D313335302220793D2231343732222F3E3C706F696E7420783D222D313335302220793D2232383530222F3E3C2F636F6E6E6563746F723E3C2F646473636F6E74726F6C3E3C646473636F6E74726F6C2073656D616E746963636F6F6B69653D22303166363063333462303532323433612220636F6E74726F6C70726F6769643D224D534444532E546578742E3038302E3122206C6566743D222D323035372220746F703D2239363222206C6F676963616C69643D2231382220636F6E74726F6C69643D22313822206D617374657269643D223137222068696E74313D2230222068696E74323D2230222077696474683D223531373222206865696768743D2233333522206E6F726573697A653D223122206E6F6D6F76653D223022206E6F64656661756C74617474616368706F696E74733D223122206175746F647261673D2231222075736564656661756C7469646473686170653D2231222073656C65637461626C653D2231222073686F7773656C656374696F6E68616E646C65733D22312220616C6C6F776E756467696E673D223122206973616E6E6F746174696F6E3D22302220646F6E746175746F6C61796F75743D2231222067726F7570636F6C6C61707365643D2230222074616273746F703D2230222076697369626C653D22302220736E6170746F677269643D2230223E3C636F6E74726F6C3E3C646473786D6C6F626A65637473747265616D696E6974777261707065722062696E6172793D22303030323030303033343134303030303466303130303030303330303030303030303030666666666666303030383030303038303031303030303030313530303031303030303030393030313830333830313030303635343631363836663664363131663030343630303462303035663030343830303666303035333030366630303432303036353030366530303638303034313030366530303566303034633030363930303633303036383030343830303635303036653030356630303464303036313030346330303639303036333030363830303438303036353030366530303030303030303030222F3E3C2F636F6E74726F6C3E3C6C61796F75746F626A6563743E3C646473786D6C6F626A2F3E3C2F6C61796F75746F626A6563743E3C73686170652067726F7570736861706569643D2230222067726F75706E6F64653D2230222F3E3C2F646473636F6E74726F6C3E3C2F6464733E0D0A00000000000000000000000000000000000000000000000000FEFFFFFF02000000030000000400000005000000060000000700000008000000090000000A0000000B0000000C0000000D0000000E0000000F000000FEFFFFFFFEFFFFFFFFFFFFFFFFFFFFFFFFFFFFFFFFFFFFFFFFFFFFFFFFFFFFFFFFFFFFFFFFFFFFFFFFFFFFFFFFFFFFFFFFFFFFFFFFFFFFFFFFFFFFFFFFFFFFFFFFFFFFFFFFFFFFFFFFFFFFFFFFFFFFFFFFFFFFFFFFFFFFFFFFFFFFFFFFFFFFFFFFFFFFFFFFFFFFFFFFFFFFFFFFFFFFFFFFFFFFFFFFFFFFFFFFFFFFFFFFFFFFFFFFFFFFFFFFFFFFFFFFFFFFFFFFFFFFFFFFFFFFFFFFFFFFFFFFFFFFFFFFFFFFFFFFFFFFFFFFFFFFFFFFFFFFFFFFFFFFFFFFFFFFFFFFFFFFFFFFFFFFFFFFFFFFFFFFFFFFFFFFFFFFFFFFFFFFFFFFFFFFFFFFFFFFFFFFFFFFFFFFFFFFFFFFFFFFFFFFFFFFFFFFFFFFFFFFFFFFFFFFFFFFFFFFFFFFFFFFFFFFFFFFFFFFFFFFFFFFFFFFFFFFFFFFFFFFFFFFFFFFFFFFFFFFFFFFFFFFFFFFFFFFFFFFFFFFFFFFFFFFFFFFFFFFFFFFFFFFFFFFFFFFFFFFFFFFFFFFFFFFFFFFFFFFFFFFFFFFFFFFFFFFFFFFFFFFFFFFFFFFFFFFFFFFFFFFFFFFFFFFFFFFFFFFFFFFFFFFFFFFFFFFFFFFFFFFFFFFFFFFFFFFFFFFFFFFFFFFFFFFFFFFFFFFFFFFFFFFFFFFFFFFFFFFFFFFFFFFFFFFFFFFFFFFFFFFFFFFFFFFFFFFFFFFFFFFFFFFFFFFFFFFFFFFFFFFFFFFFFFFFFFFFFFFFFFFFFFFFFFFFFFFFFFFFFFFFFFFFFFFFFFFFFFFFFFFFFFFFFFFFFFFFFFFFF010003000000000000000C0000000B0000004E61BC00000000000000000000000000000000000000000000000000000000000000000000000000000000000000DBE6B0E91C81D011AD5100A0C90F573900000200F0DFED7727ECDC01020200001048450000000000000000000000000000000000FC0100004400610074006100200053006F0075007200630065003D004400450053004B0054004F0050002D0049004C0038004A004F004D0051005C00420041005200540045004E004400450052003B0049006E0069007400690061006C00200043006100740061006C006F0067003D004400610074004C006900630068004B00680061006D00420065006E0068003B0049006E00740065006700720061007400650064002000530065006300750072006900740079003D0054007200750065003B004D0075006C007400690070006C0065002000410063007400690076006500200052006500730075006C007400200053006500740073003D00460061006C00730065003B0043006F006E006E006500630074002000540069006D0065006F00750074003D00330030003B005400720075007300740020005300650072007600650072002000430065007200740069006600690063006100740065003D00460061006C00730065003B005000610063006B00650074002000530069007A0065003D0034003000390036003B004100700070006C00690063006100740069006F006E0020004E0061006D0065003D0022004D006900630072006F0073006F00660074002000530051004C00200053006500720076006500720020004D0061006E006100670065006D0065006E0074002000530074007500640069006F002200000000800500140000004400690061006700720061006D005F0030000000000226000C00000042006100630053006900000008000000640062006F0000000002260016000000430068007500790065006E004B0068006F006100000008000000640062006F00000000022600100000004C00690063006800480065006E00000008000000640062006F0000000002260012000000420065006E0068004E00680061006E00000008000000640062006F00000000022600140000004E00670075006F006900440075006E006700000008000000640062006F000000000224001600000048006F0053006F00420065006E00680041006E00000008000000640062006F00000001000000D68509B3BB6BF2459AB8371664F0327008004E0000007B00310036003300340043004400440037002D0030003800380038002D0034003200450033002D0039004600410032002D004200360044003300320035003600330042003900310044007D0000000000000000000000000000000000000000000000000000000000000000000000000053006300680065006D00610020005500440056002000440065006600610075006C007400200050006F007300740020005600360000000000000000000000000036000200FFFFFFFFFFFFFFFFFFFFFFFF0000000000000000000000000000000000000000000000000000000000000000000000001000000012000000000000000000000000000000000000000000000000000000000000000000000000000000000000000000000000000000000000000000000000000000000000000000000000000000FFFFFFFFFFFFFFFFFFFFFFFF0000000000000000000000000000000000000000000000000000000000000000000000000000000000000000000000000000000000000000000000000000000000000000000000000000000000000000000000000000000000000000000000000000000000000000000000000000000000000000FFFFFFFFFFFFFFFFFFFFFFFF0000000000000000000000000000000000000000000000000000000000000000000000000000000000000000000000000000000000000000000000000000000000000000000000000000000000000000000000000000000000000000000000000000000000000000000000000000000000000000FFFFFFFFFFFFFFFFFFFFFFFF000000000000000000000000000000000000000000000000000000000000000000000000000000000000000000000000010003000000000000000C0000000B000000000000000000000000000000000000000000000000000000000000000000000000000000000000000000000000000000000000000000000000000000000000000000000000000000000000000000000000000000000000000000000000000000000000000000000000000000000000000000000000000000000000000000000000000000000000000000000000000000000000000000000000000000000000000000000000000000000000000000000000000000000000000000000000000000000000000000000000000000000000000000000000000000000000000000000000000000000000000000000000000000000000000000000000000000000000000000000000000000000000000000000000000000000000000000000000000000000000000000000000000000000000000000000000000000000000000000000000000000000000000000000000000000000000000000000000000000000000000000000000000000000000000000000000000000000000000000000000000000000000000000000000000000000000000000000000000000000000000000000000000000000000000000000000000000000000000000000000000000000000000000000000000000000000000000000000000000000000000000000000000000000000000000000000000000000062885214);
SET IDENTITY_INSERT [dbo].[sysdiagrams] OFF;
GO
-- Rows: 1

